Workbook

Sheet Read me
A1: IT3060 Milestone 03 – Gedara usability test results workbook (working app)
A2: This workbook is EMPTY. Every number in it must come from a real session with a real participant. Never invent participants, times, ratings or issues.
A4: How to use
A5: 1. Participants: one row per real participant, using the anonymous code U1, U2, … (yellow cells). Do not type names. Record consent and whether the session was recorded.
A6: 2. Task log: one row per participant × task is already listed (U1 to U10, T1 to T10). Fill Outcome, Time, Errors, Hints and SEQ only for tasks the participant actually attempted. Leave all other rows blank: blank rows are not counted. Extra rows (yellow, below the grid) can be used for repeated attempts or a participant above U10.
A7: 3. SUS: type each participant's 10 answers (1 to 5). The score (0 to 100) is calculated.
A8: 4. Issues: log every problem seen, with the task, the screen, a severity (High, Medium, Low), the participants affected and the requirement.
A9: 5. Fix log: the Issue ID, where it was found and the severity come from the Issues sheet. You add what was fixed, when, and the retest result.
A10: 6. Summary: calculated automatically (N, success rate, median time, mean errors, mean SEQ per task, SUS mean, pass or fail against the targets). Copy its numbers into the report.
A11: 7. Before-After: Round 1 numbers come from the Summary. Enter the retest numbers only if a real retest was run after the fixes.
A13: Rules
A14: Outcome is Success (done unaided), Partial (done after a hint or a detour) or Fail. Time is counted for Success attempts only (stopwatch from the end of the reading to the goal screen). An error is a tap that leads away from the goal, an error or validation message the participant triggers, or going back to undo. A fault of the app or the network is not a participant error: repeat the task and say so in the notes.
... A18: Companion files: Gedara_App_Test_Session_Script.pdf (facilitator script and observation sheets), README_usability.md, usability3.template.json.

Sheet Participants
A1: Code | B1: Real background | C1: Roles tested | D1: Age group (18+ only) | E1: Device | F1: Connection | G1: Session date | H1: Consent given (Yes/No) | I1: Recorded (Yes/No) | J1: Recording file name | K1: Tasks attempted | L1: Notes
A2: U1 | K2: =COUNTIFS('Task log'!$A$2:$A$301,A2,'Task log'!$C$2:$C$301,"<>")
A3: U2 | K3: =COUNTIFS('Task log'!$A$2:$A$301,A3,'Task log'!$C$2:$C$301,"<>")
A4: U3 | K4: =COUNTIFS('Task log'!$A$2:$A$301,A4,'Task log'!$C$2:$C$301,"<>")
A5: U4 | K5: =COUNTIFS('Task log'!$A$2:$A$301,A5,'Task log'!$C$2:$C$301,"<>")
A6: U5 | K6: =COUNTIFS('Task log'!$A$2:$A$301,A6,'Task log'!$C$2:$C$301,"<>")
A7: U6 | K7: =COUNTIFS('Task log'!$A$2:$A$301,A7,'Task log'!$C$2:$C$301,"<>")
A8: U7 | K8: =COUNTIFS('Task log'!$A$2:$A$301,A8,'Task log'!$C$2:$C$301,"<>")
A9: U8 | K9: =COUNTIFS('Task log'!$A$2:$A$301,A9,'Task log'!$C$2:$C$301,"<>")
A10: U9 | K10: =COUNTIFS('Task log'!$A$2:$A$301,A10,'Task log'!$C$2:$C$301,"<>")
A11: U10 | K11: =COUNTIFS('Task log'!$A$2:$A$301,A11,'Task log'!$C$2:$C$301,"<>")
A13: Use only the anonymous codes. “Real background” must be honest: say if a participant is a friend or student role-playing a provider or administrator.

Sheet Task log
A1: Participant | B1: Task | C1: Outcome | D1: Time (s) | E1: Errors | F1: Hints given | G1: SEQ (1-7) | H1: Notes / quote
A2: U1 | B2: T1
A3: U1 | B3: T2
A4: U1 | B4: T3
A5: U1 | B5: T4
A6: U1 | B6: T5
A7: U1 | B7: T6
A8: U1 | B8: T7
A9: U1 | B9: T8
A10: U1 | B10: T9
A11: U1 | B11: T10
A12: U2 | B12: T1
A13: U2 | B13: T2
... A101: U10 | B101: T10

Sheet SUS
A1: Participant | B1: Q1 | C1: Q2 | D1: Q3 | E1: Q4 | F1: Q5 | G1: Q6 | H1: Q7 | I1: Q8 | J1: Q9 | K1: Q10 | L1: Contribution sum | M1: SUS score (0-100) | N1: Reading
A2: U1 | L2: =IF(COUNT(B2:K2)=10,(B2-1)+(D2-1)+(F2-1)+(H2-1)+(J2-1)+(5-C2)+(5-E2)+(5-G2)+(5-I2)+(5-K2),"") | M2: =IF(L2="","",L2*2.5) | N2: =IF(M2="","",IF(M2>=80.3,"Excellent",IF(M2>=68,"Good / above average",IF(M2>=51,"Below average","Poor"))))
A3: U2 | L3: =IF(COUNT(B3:K3)=10,(B3-1)+(D3-1)+(F3-1)+(H3-1)+(J3-1)+(5-C3)+(5-E3)+(5-G3)+(5-I3)+(5-K3),"") | M3: =IF(L3="","",L3*2.5) | N3: =IF(M3="","",IF(M3>=80.3,"Excellent",IF(M3>=68,"Good / above average",IF(M3>=51,"Below average","Poor"))))
A4: U3 | L4: =IF(COUNT(B4:K4)=10,(B4-1)+(D4-1)+(F4-1)+(H4-1)+(J4-1)+(5-C4)+(5-E4)+(5-G4)+(5-I4)+(5-K4),"") | M4: =IF(L4="","",L4*2.5) | N4: =IF(M4="","",IF(M4>=80.3,"Excellent",IF(M4>=68,"Good / above average",IF(M4>=51,"Below average","Poor"))))
A5: U4 | L5: =IF(COUNT(B5:K5)=10,(B5-1)+(D5-1)+(F5-1)+(H5-1)+(J5-1)+(5-C5)+(5-E5)+(5-G5)+(5-I5)+(5-K5),"") | M5: =IF(L5="","",L5*2.5) | N5: =IF(M5="","",IF(M5>=80.3,"Excellent",IF(M5>=68,"Good / above average",IF(M5>=51,"Below average","Poor"))))
A6: U5 | L6: =IF(COUNT(B6:K6)=10,(B6-1)+(D6-1)+(F6-1)+(H6-1)+(J6-1)+(5-C6)+(5-E6)+(5-G6)+(5-I6)+(5-K6),"") | M6: =IF(L6="","",L6*2.5) | N6: =IF(M6="","",IF(M6>=80.3,"Excellent",IF(M6>=68,"Good / above average",IF(M6>=51,"Below average","Poor"))))
A7: U6 | L7: =IF(COUNT(B7:K7)=10,(B7-1)+(D7-1)+(F7-1)+(H7-1)+(J7-1)+(5-C7)+(5-E7)+(5-G7)+(5-I7)+(5-K7),"") | M7: =IF(L7="","",L7*2.5) | N7: =IF(M7="","",IF(M7>=80.3,"Excellent",IF(M7>=68,"Good / above average",IF(M7>=51,"Below average","Poor"))))
A8: U7 | L8: =IF(COUNT(B8:K8)=10,(B8-1)+(D8-1)+(F8-1)+(H8-1)+(J8-1)+(5-C8)+(5-E8)+(5-G8)+(5-I8)+(5-K8),"") | M8: =IF(L8="","",L8*2.5) | N8: =IF(M8="","",IF(M8>=80.3,"Excellent",IF(M8>=68,"Good / above average",IF(M8>=51,"Below average","Poor"))))
A9: U8 | L9: =IF(COUNT(B9:K9)=10,(B9-1)+(D9-1)+(F9-1)+(H9-1)+(J9-1)+(5-C9)+(5-E9)+(5-G9)+(5-I9)+(5-K9),"") | M9: =IF(L9="","",L9*2.5) | N9: =IF(M9="","",IF(M9>=80.3,"Excellent",IF(M9>=68,"Good / above average",IF(M9>=51,"Below average","Poor"))))
A10: U9 | L10: =IF(COUNT(B10:K10)=10,(B10-1)+(D10-1)+(F10-1)+(H10-1)+(J10-1)+(5-C10)+(5-E10)+(5-G10)+(5-I10)+(5-K10),"") | M10: =IF(L10="","",L10*2.5) | N10: =IF(M10="","",IF(M10>=80.3,"Excellent",IF(M10>=68,"Good / above average",IF(M10>=51,"Below average","Poor"))))
A11: U10 | L11: =IF(COUNT(B11:K11)=10,(B11-1)+(D11-1)+(F11-1)+(H11-1)+(J11-1)+(5-C11)+(5-E11)+(5-G11)+(5-I11)+(5-K11),"") | M11: =IF(L11="","",L11*2.5) | N11: =IF(M11="","",IF(M11>=80.3,"Excellent",IF(M11>=68,"Good / above average",IF(M11>=51,"Below average","Poor"))))
A13: Mean | M13: =IFERROR(AVERAGE(M2:M11),"")
A15: Answers: 1 = strongly disagree … 5 = strongly agree. The ten statements (System Usability Scale, Brooke 1996):
A16: Q1 | B16: I think that I would like to use this app frequently.
A17: Q2 | B17: I found the app unnecessarily complex.
A18: Q3 | B18: I thought the app was easy to use.
A19: Q4 | B19: I think that I would need the support of a technical person to be able to use this app.
A20: Q5 | B20: I found the various functions in this app were well integrated.
A21: Q6 | B21: I thought there was too much inconsistency in this app.
A22: Q7 | B22: I would imagine that most people would learn to use this app very quickly.
A23: Q8 | B23: I found the app very cumbersome to use.
A24: Q9 | B24: I felt very confident using the app.
A25: Q10 | B25: I needed to learn a lot of things before I could get going with this app.
A27: Scoring: odd items answer minus 1; even items 5 minus answer; add the ten contributions and multiply by 2.5 (range 0 to 100). A score is shown only when all 10 answers are filled in. Average SUS is about 68 (Sauro & Lewis, 2016).

Sheet Issues
A1: ID | B1: Task | C1: Interface (screen) | D1: Issue: what happened | E1: Severity | F1: Participants affected (number) | G1: Participant codes | H1: Requirement | I1: Status | J1: Found in | K1: Notes
A2: UT-01
A3: UT-02
A4: UT-03
A5: UT-04
A6: UT-05
A7: UT-06
A8: UT-07
A9: UT-08
A10: UT-09
A11: UT-10
A12: UT-11
A13: UT-12
... A31: UT-30

Sheet Fix log
A1: Issue ID | B1: Found in | C1: Severity | D1: Fix made (what changed in the app) | E1: Date fixed | F1: Retest result | G1: Retest notes
A2: =IF(Issues!D2="","",Issues!A2) | B2: =IF(Issues!D2="","",Issues!B2&IF(Issues!C2<>""," · "&Issues!C2,"")&IF(Issues!J2<>""," · "&Issues!J2,"")) | C2: =IF(Issues!D2="","",Issues!E2)
A3: =IF(Issues!D3="","",Issues!A3) | B3: =IF(Issues!D3="","",Issues!B3&IF(Issues!C3<>""," · "&Issues!C3,"")&IF(Issues!J3<>""," · "&Issues!J3,"")) | C3: =IF(Issues!D3="","",Issues!E3)
A4: =IF(Issues!D4="","",Issues!A4) | B4: =IF(Issues!D4="","",Issues!B4&IF(Issues!C4<>""," · "&Issues!C4,"")&IF(Issues!J4<>""," · "&Issues!J4,"")) | C4: =IF(Issues!D4="","",Issues!E4)
A5: =IF(Issues!D5="","",Issues!A5) | B5: =IF(Issues!D5="","",Issues!B5&IF(Issues!C5<>""," · "&Issues!C5,"")&IF(Issues!J5<>""," · "&Issues!J5,"")) | C5: =IF(Issues!D5="","",Issues!E5)
A6: =IF(Issues!D6="","",Issues!A6) | B6: =IF(Issues!D6="","",Issues!B6&IF(Issues!C6<>""," · "&Issues!C6,"")&IF(Issues!J6<>""," · "&Issues!J6,"")) | C6: =IF(Issues!D6="","",Issues!E6)
A7: =IF(Issues!D7="","",Issues!A7) | B7: =IF(Issues!D7="","",Issues!B7&IF(Issues!C7<>""," · "&Issues!C7,"")&IF(Issues!J7<>""," · "&Issues!J7,"")) | C7: =IF(Issues!D7="","",Issues!E7)
A8: =IF(Issues!D8="","",Issues!A8) | B8: =IF(Issues!D8="","",Issues!B8&IF(Issues!C8<>""," · "&Issues!C8,"")&IF(Issues!J8<>""," · "&Issues!J8,"")) | C8: =IF(Issues!D8="","",Issues!E8)
A9: =IF(Issues!D9="","",Issues!A9) | B9: =IF(Issues!D9="","",Issues!B9&IF(Issues!C9<>""," · "&Issues!C9,"")&IF(Issues!J9<>""," · "&Issues!J9,"")) | C9: =IF(Issues!D9="","",Issues!E9)
A10: =IF(Issues!D10="","",Issues!A10) | B10: =IF(Issues!D10="","",Issues!B10&IF(Issues!C10<>""," · "&Issues!C10,"")&IF(Issues!J10<>""," · "&Issues!J10,"")) | C10: =IF(Issues!D10="","",Issues!E10)
A11: =IF(Issues!D11="","",Issues!A11) | B11: =IF(Issues!D11="","",Issues!B11&IF(Issues!C11<>""," · "&Issues!C11,"")&IF(Issues!J11<>""," · "&Issues!J11,"")) | C11: =IF(Issues!D11="","",Issues!E11)
A12: =IF(Issues!D12="","",Issues!A12) | B12: =IF(Issues!D12="","",Issues!B12&IF(Issues!C12<>""," · "&Issues!C12,"")&IF(Issues!J12<>""," · "&Issues!J12,"")) | C12: =IF(Issues!D12="","",Issues!E12)
A13: =IF(Issues!D13="","",Issues!A13) | B13: =IF(Issues!D13="","",Issues!B13&IF(Issues!C13<>""," · "&Issues!C13,"")&IF(Issues!J13<>""," · "&Issues!J13,"")) | C13: =IF(Issues!D13="","",Issues!E13)
... A31: =IF(Issues!D31="","",Issues!A31) | B31: =IF(Issues!D31="","",Issues!B31&IF(Issues!C31<>""," · "&Issues!C31,"")&IF(Issues!J31<>""," · "&Issues!J31,"")) | C31: =IF(Issues!D31="","",Issues!E31)
A33: Rows appear here when a row on the Issues sheet has an issue text. “Checked by automated test only” means the app's end-to-end tests pass but no participant saw the fix: say so in the report.

Sheet Summary
A1: Task | B1: Role | C1: Task name | D1: N (attempts) | E1: Success | F1: Partial | G1: Fail | H1: Success rate | I1: Median time, Success only (s) | J1: Mean errors | K1: Mean SEQ | L1: Target success | M1: Target time (s) | N1: Target max mean errors | O1: Target SEQ | P1: Success OK? | Q1: Time OK? | R1: Errors OK? | S1: SEQ OK? | T1: Task result | U1: Attempts ≥ 5?
A2: T1 | B2: Customer | C2: Find a trusted plumber rated 4.5+ | D2: =COUNTIFS('Task log'!$B$2:$B$301,A2,'Task log'!$C$2:$C$301,"<>") | E2: =COUNTIFS('Task log'!$B$2:$B$301,A2,'Task log'!$C$2:$C$301,"Success") | F2: =COUNTIFS('Task log'!$B$2:$B$301,A2,'Task log'!$C$2:$C$301,"Partial") | G2: =COUNTIFS('Task log'!$B$2:$B$301,A2,'Task log'!$C$2:$C$301,"Fail") | H2: =IF(D2=0,"",E2/D2) | I2: {=IFERROR(MEDIAN(IF(('Task log'!$B$2:$B$301=A2)*('Task log'!$C$2:$C$301="Success")*('Task log'!$D$2:$D$301<>""),'Task log'!$D$2:$D$301)),"")} | J2: =IFERROR(AVERAGEIFS('Task log'!$E$2:$E$301,'Task log'!$B$2:$B$301,A2,'Task log'!$C$2:$C$301,"<>"),"") | K2: =IFERROR(AVERAGEIFS('Task log'!$G$2:$G$301,'Task log'!$B$2:$B$301,A2,'Task log'!$C$2:$C$301,"<>"),"") | L2: 0.8 | M2: 45 | N2: 0 | O2: 5.5 | P2: =IF(D2=0,"",IF(H2>=L2,"Yes","No")) | Q2: =IF(I2="","",IF(I2<=M2,"Yes","No")) | R2: =IF(J2="","",IF(J2<=N2,"Yes","No")) | S2: =IF(K2="","",IF(K2>=O2,"Yes","No")) | T2: =IF(D2=0,"",IF(COUNTIF(P2:S2,"No")>0,"Fail",IF(COUNTIF(P2:S2,"Yes")=4,"Pass","Incomplete"))) | U2: =IF(D2=0,"",IF(D2>=5,"Yes","Few"))
A3: T2 | B3: Customer | C3: Price estimate and next free time | D3: =COUNTIFS('Task log'!$B$2:$B$301,A3,'Task log'!$C$2:$C$301,"<>") | E3: =COUNTIFS('Task log'!$B$2:$B$301,A3,'Task log'!$C$2:$C$301,"Success") | F3: =COUNTIFS('Task log'!$B$2:$B$301,A3,'Task log'!$C$2:$C$301,"Partial") | G3: =COUNTIFS('Task log'!$B$2:$B$301,A3,'Task log'!$C$2:$C$301,"Fail") | H3: =IF(D3=0,"",E3/D3) | I3: {=IFERROR(MEDIAN(IF(('Task log'!$B$2:$B$301=A3)*('Task log'!$C$2:$C$301="Success")*('Task log'!$D$2:$D$301<>""),'Task log'!$D$2:$D$301)),"")} | J3: =IFERROR(AVERAGEIFS('Task log'!$E$2:$E$301,'Task log'!$B$2:$B$301,A3,'Task log'!$C$2:$C$301,"<>"),"") | K3: =IFERROR(AVERAGEIFS('Task log'!$G$2:$G$301,'Task log'!$B$2:$B$301,A3,'Task log'!$C$2:$C$301,"<>"),"") | L3: 0.8 | M3: 30 | N3: 2 | O3: 5.5 | P3: =IF(D3=0,"",IF(H3>=L3,"Yes","No")) | Q3: =IF(I3="","",IF(I3<=M3,"Yes","No")) | R3: =IF(J3="","",IF(J3<=N3,"Yes","No")) | S3: =IF(K3="","",IF(K3>=O3,"Yes","No")) | T3: =IF(D3=0,"",IF(COUNTIF(P3:S3,"No")>0,"Fail",IF(COUNTIF(P3:S3,"Yes")=4,"Pass","Incomplete"))) | U3: =IF(D3=0,"",IF(D3>=5,"Yes","Few"))
A4: T3 | B4: Customer | C4: Book Nimal with a photo and a time | D4: =COUNTIFS('Task log'!$B$2:$B$301,A4,'Task log'!$C$2:$C$301,"<>") | E4: =COUNTIFS('Task log'!$B$2:$B$301,A4,'Task log'!$C$2:$C$301,"Success") | F4: =COUNTIFS('Task log'!$B$2:$B$301,A4,'Task log'!$C$2:$C$301,"Partial") | G4: =COUNTIFS('Task log'!$B$2:$B$301,A4,'Task log'!$C$2:$C$301,"Fail") | H4: =IF(D4=0,"",E4/D4) | I4: {=IFERROR(MEDIAN(IF(('Task log'!$B$2:$B$301=A4)*('Task log'!$C$2:$C$301="Success")*('Task log'!$D$2:$D$301<>""),'Task log'!$D$2:$D$301)),"")} | J4: =IFERROR(AVERAGEIFS('Task log'!$E$2:$E$301,'Task log'!$B$2:$B$301,A4,'Task log'!$C$2:$C$301,"<>"),"") | K4: =IFERROR(AVERAGEIFS('Task log'!$G$2:$G$301,'Task log'!$B$2:$B$301,A4,'Task log'!$C$2:$C$301,"<>"),"") | L4: 0.8 | M4: 150 | N4: 2 | O4: 5.5 | P4: =IF(D4=0,"",IF(H4>=L4,"Yes","No")) | Q4: =IF(I4="","",IF(I4<=M4,"Yes","No")) | R4: =IF(J4="","",IF(J4<=N4,"Yes","No")) | S4: =IF(K4="","",IF(K4>=O4,"Yes","No")) | T4: =IF(D4=0,"",IF(COUNTIF(P4:S4,"No")>0,"Fail",IF(COUNTIF(P4:S4,"Yes")=4,"Pass","Incomplete"))) | U4: =IF(D4=0,"",IF(D4>=5,"Yes","Few"))
A5: T4 | B5: Customer | C5: Ask about parking, check acceptance | D5: =COUNTIFS('Task log'!$B$2:$B$301,A5,'Task log'!$C$2:$C$301,"<>") | E5: =COUNTIFS('Task log'!$B$2:$B$301,A5,'Task log'!$C$2:$C$301,"Success") | F5: =COUNTIFS('Task log'!$B$2:$B$301,A5,'Task log'!$C$2:$C$301,"Partial") | G5: =COUNTIFS('Task log'!$B$2:$B$301,A5,'Task log'!$C$2:$C$301,"Fail") | H5: =IF(D5=0,"",E5/D5) | I5: {=IFERROR(MEDIAN(IF(('Task log'!$B$2:$B$301=A5)*('Task log'!$C$2:$C$301="Success")*('Task log'!$D$2:$D$301<>""),'Task log'!$D$2:$D$301)),"")} | J5: =IFERROR(AVERAGEIFS('Task log'!$E$2:$E$301,'Task log'!$B$2:$B$301,A5,'Task log'!$C$2:$C$301,"<>"),"") | K5: =IFERROR(AVERAGEIFS('Task log'!$G$2:$G$301,'Task log'!$B$2:$B$301,A5,'Task log'!$C$2:$C$301,"<>"),"") | L5: 0.8 | M5: 60 | N5: 2 | O5: 5.5 | P5: =IF(D5=0,"",IF(H5>=L5,"Yes","No")) | Q5: =IF(I5="","",IF(I5<=M5,"Yes","No")) | R5: =IF(J5="","",IF(J5<=N5,"Yes","No")) | S5: =IF(K5="","",IF(K5>=O5,"Yes","No")) | T5: =IF(D5=0,"",IF(COUNTIF(P5:S5,"No")>0,"Fail",IF(COUNTIF(P5:S5,"Yes")=4,"Pass","Incomplete"))) | U5: =IF(D5=0,"",IF(D5>=5,"Yes","Few"))
A6: T5 | B6: Customer | C6: Book the same plumber again | D6: =COUNTIFS('Task log'!$B$2:$B$301,A6,'Task log'!$C$2:$C$301,"<>") | E6: =COUNTIFS('Task log'!$B$2:$B$301,A6,'Task log'!$C$2:$C$301,"Success") | F6: =COUNTIFS('Task log'!$B$2:$B$301,A6,'Task log'!$C$2:$C$301,"Partial") | G6: =COUNTIFS('Task log'!$B$2:$B$301,A6,'Task log'!$C$2:$C$301,"Fail") | H6: =IF(D6=0,"",E6/D6) | I6: {=IFERROR(MEDIAN(IF(('Task log'!$B$2:$B$301=A6)*('Task log'!$C$2:$C$301="Success")*('Task log'!$D$2:$D$301<>""),'Task log'!$D$2:$D$301)),"")} | J6: =IFERROR(AVERAGEIFS('Task log'!$E$2:$E$301,'Task log'!$B$2:$B$301,A6,'Task log'!$C$2:$C$301,"<>"),"") | K6: =IFERROR(AVERAGEIFS('Task log'!$G$2:$G$301,'Task log'!$B$2:$B$301,A6,'Task log'!$C$2:$C$301,"<>"),"") | L6: 0.8 | M6: 45 | N6: 2 | O6: 5.5 | P6: =IF(D6=0,"",IF(H6>=L6,"Yes","No")) | Q6: =IF(I6="","",IF(I6<=M6,"Yes","No")) | R6: =IF(J6="","",IF(J6<=N6,"Yes","No")) | S6: =IF(K6="","",IF(K6>=O6,"Yes","No")) | T6: =IF(D6=0,"",IF(COUNTIF(P6:S6,"No")>0,"Fail",IF(COUNTIF(P6:S6,"Yes")=4,"Pass","Incomplete"))) | U6: =IF(D6=0,"",IF(D6>=5,"Yes","Few"))
A7: T6 | B7: Customer | C7: Report poor work, say what happens next | D7: =COUNTIFS('Task log'!$B$2:$B$301,A7,'Task log'!$C$2:$C$301,"<>") | E7: =COUNTIFS('Task log'!$B$2:$B$301,A7,'Task log'!$C$2:$C$301,"Success") | F7: =COUNTIFS('Task log'!$B$2:$B$301,A7,'Task log'!$C$2:$C$301,"Partial") | G7: =COUNTIFS('Task log'!$B$2:$B$301,A7,'Task log'!$C$2:$C$301,"Fail") | H7: =IF(D7=0,"",E7/D7) | I7: {=IFERROR(MEDIAN(IF(('Task log'!$B$2:$B$301=A7)*('Task log'!$C$2:$C$301="Success")*('Task log'!$D$2:$D$301<>""),'Task log'!$D$2:$D$301)),"")} | J7: =IFERROR(AVERAGEIFS('Task log'!$E$2:$E$301,'Task log'!$B$2:$B$301,A7,'Task log'!$C$2:$C$301,"<>"),"") | K7: =IFERROR(AVERAGEIFS('Task log'!$G$2:$G$301,'Task log'!$B$2:$B$301,A7,'Task log'!$C$2:$C$301,"<>"),"") | L7: 0.8 | M7: 60 | N7: 2 | O7: 5.5 | P7: =IF(D7=0,"",IF(H7>=L7,"Yes","No")) | Q7: =IF(I7="","",IF(I7<=M7,"Yes","No")) | R7: =IF(J7="","",IF(J7<=N7,"Yes","No")) | S7: =IF(K7="","",IF(K7>=O7,"Yes","No")) | T7: =IF(D7=0,"",IF(COUNTIF(P7:S7,"No")>0,"Fail",IF(COUNTIF(P7:S7,"Yes")=4,"Pass","Incomplete"))) | U7: =IF(D7=0,"",IF(D7>=5,"Yes","Few"))
A8: T7 | B8: Provider | C8: Open a request, check it, accept it | D8: =COUNTIFS('Task log'!$B$2:$B$301,A8,'Task log'!$C$2:$C$301,"<>") | E8: =COUNTIFS('Task log'!$B$2:$B$301,A8,'Task log'!$C$2:$C$301,"Success") | F8: =COUNTIFS('Task log'!$B$2:$B$301,A8,'Task log'!$C$2:$C$301,"Partial") | G8: =COUNTIFS('Task log'!$B$2:$B$301,A8,'Task log'!$C$2:$C$301,"Fail") | H8: =IF(D8=0,"",E8/D8) | I8: {=IFERROR(MEDIAN(IF(('Task log'!$B$2:$B$301=A8)*('Task log'!$C$2:$C$301="Success")*('Task log'!$D$2:$D$301<>""),'Task log'!$D$2:$D$301)),"")} | J8: =IFERROR(AVERAGEIFS('Task log'!$E$2:$E$301,'Task log'!$B$2:$B$301,A8,'Task log'!$C$2:$C$301,"<>"),"") | K8: =IFERROR(AVERAGEIFS('Task log'!$G$2:$G$301,'Task log'!$B$2:$B$301,A8,'Task log'!$C$2:$C$301,"<>"),"") | L8: 0.8 | M8: 40 | N8: 2 | O8: 5.5 | P8: =IF(D8=0,"",IF(H8>=L8,"Yes","No")) | Q8: =IF(I8="","",IF(I8<=M8,"Yes","No")) | R8: =IF(J8="","",IF(J8<=N8,"Yes","No")) | S8: =IF(K8="","",IF(K8>=O8,"Yes","No")) | T8: =IF(D8=0,"",IF(COUNTIF(P8:S8,"No")>0,"Fail",IF(COUNTIF(P8:S8,"Yes")=4,"Pass","Incomplete"))) | U8: =IF(D8=0,"",IF(D8>=5,"Yes","Few"))
A9: T8 | B9: Provider | C9: Block an afternoon | D9: =COUNTIFS('Task log'!$B$2:$B$301,A9,'Task log'!$C$2:$C$301,"<>") | E9: =COUNTIFS('Task log'!$B$2:$B$301,A9,'Task log'!$C$2:$C$301,"Success") | F9: =COUNTIFS('Task log'!$B$2:$B$301,A9,'Task log'!$C$2:$C$301,"Partial") | G9: =COUNTIFS('Task log'!$B$2:$B$301,A9,'Task log'!$C$2:$C$301,"Fail") | H9: =IF(D9=0,"",E9/D9) | I9: {=IFERROR(MEDIAN(IF(('Task log'!$B$2:$B$301=A9)*('Task log'!$C$2:$C$301="Success")*('Task log'!$D$2:$D$301<>""),'Task log'!$D$2:$D$301)),"")} | J9: =IFERROR(AVERAGEIFS('Task log'!$E$2:$E$301,'Task log'!$B$2:$B$301,A9,'Task log'!$C$2:$C$301,"<>"),"") | K9: =IFERROR(AVERAGEIFS('Task log'!$G$2:$G$301,'Task log'!$B$2:$B$301,A9,'Task log'!$C$2:$C$301,"<>"),"") | L9: 0.8 | M9: 45 | N9: 2 | O9: 5.5 | P9: =IF(D9=0,"",IF(H9>=L9,"Yes","No")) | Q9: =IF(I9="","",IF(I9<=M9,"Yes","No")) | R9: =IF(J9="","",IF(J9<=N9,"Yes","No")) | S9: =IF(K9="","",IF(K9>=O9,"Yes","No")) | T9: =IF(D9=0,"",IF(COUNTIF(P9:S9,"No")>0,"Fail",IF(COUNTIF(P9:S9,"Yes")=4,"Pass","Incomplete"))) | U9: =IF(D9=0,"",IF(D9>=5,"Yes","Few"))
A10: T9 | B10: Administrator | C10: Check documents and approve a provider | D10: =COUNTIFS('Task log'!$B$2:$B$301,A10,'Task log'!$C$2:$C$301,"<>") | E10: =COUNTIFS('Task log'!$B$2:$B$301,A10,'Task log'!$C$2:$C$301,"Success") | F10: =COUNTIFS('Task log'!$B$2:$B$301,A10,'Task log'!$C$2:$C$301,"Partial") | G10: =COUNTIFS('Task log'!$B$2:$B$301,A10,'Task log'!$C$2:$C$301,"Fail") | H10: =IF(D10=0,"",E10/D10) | I10: {=IFERROR(MEDIAN(IF(('Task log'!$B$2:$B$301=A10)*('Task log'!$C$2:$C$301="Success")*('Task log'!$D$2:$D$301<>""),'Task log'!$D$2:$D$301)),"")} | J10: =IFERROR(AVERAGEIFS('Task log'!$E$2:$E$301,'Task log'!$B$2:$B$301,A10,'Task log'!$C$2:$C$301,"<>"),"") | K10: =IFERROR(AVERAGEIFS('Task log'!$G$2:$G$301,'Task log'!$B$2:$B$301,A10,'Task log'!$C$2:$C$301,"<>"),"") | L10: 0.8 | M10: 90 | N10: 2 | O10: 5.5 | P10: =IF(D10=0,"",IF(H10>=L10,"Yes","No")) | Q10: =IF(I10="","",IF(I10<=M10,"Yes","No")) | R10: =IF(J10="","",IF(J10<=N10,"Yes","No")) | S10: =IF(K10="","",IF(K10>=O10,"Yes","No")) | T10: =IF(D10=0,"",IF(COUNTIF(P10:S10,"No")>0,"Fail",IF(COUNTIF(P10:S10,"Yes")=4,"Pass","Incomplete"))) | U10: =IF(D10=0,"",IF(D10>=5,"Yes","Few"))
A11: T10 | B11: Administrator | C11: Resolve a price complaint, read open count | D11: =COUNTIFS('Task log'!$B$2:$B$301,A11,'Task log'!$C$2:$C$301,"<>") | E11: =COUNTIFS('Task log'!$B$2:$B$301,A11,'Task log'!$C$2:$C$301,"Success") | F11: =COUNTIFS('Task log'!$B$2:$B$301,A11,'Task log'!$C$2:$C$301,"Partial") | G11: =COUNTIFS('Task log'!$B$2:$B$301,A11,'Task log'!$C$2:$C$301,"Fail") | H11: =IF(D11=0,"",E11/D11) | I11: {=IFERROR(MEDIAN(IF(('Task log'!$B$2:$B$301=A11)*('Task log'!$C$2:$C$301="Success")*('Task log'!$D$2:$D$301<>""),'Task log'!$D$2:$D$301)),"")} | J11: =IFERROR(AVERAGEIFS('Task log'!$E$2:$E$301,'Task log'!$B$2:$B$301,A11,'Task log'!$C$2:$C$301,"<>"),"") | K11: =IFERROR(AVERAGEIFS('Task log'!$G$2:$G$301,'Task log'!$B$2:$B$301,A11,'Task log'!$C$2:$C$301,"<>"),"") | L11: 0.8 | M11: 90 | N11: 2 | O11: 5.5 | P11: =IF(D11=0,"",IF(H11>=L11,"Yes","No")) | Q11: =IF(I11="","",IF(I11<=M11,"Yes","No")) | R11: =IF(J11="","",IF(J11<=N11,"Yes","No")) | S11: =IF(K11="","",IF(K11>=O11,"Yes","No")) | T11: =IF(D11=0,"",IF(COUNTIF(P11:S11,"No")>0,"Fail",IF(COUNTIF(P11:S11,"Yes")=4,"Pass","Incomplete"))) | U11: =IF(D11=0,"",IF(D11>=5,"Yes","Few"))
A12: Targets (blue cells): M02 report section 6.4. T3 time ADJUSTED to 150 s (phone photo prompt and gallery). T1 allows 0 errors (0 wrong turns); other tasks at most 2.
A14: Participants
A15: Participants who gave consent (N) | D15: =SUMPRODUCT((Participants!A2:A11<>"")*(Participants!H2:H11="Yes"))
A16: Minimum required by the brief: 5 | D16: =IF(D15>=5,"Met","Not yet")
A17: Participants with at least one task logged | D17: =SUMPRODUCT(--(Participants!K2:K11>0))
A18: Sessions recorded (with consent) | D18: =COUNTIFS(Participants!I2:I11,"Yes",Participants!H2:H11,"Yes")
A20: System Usability Scale
A21: Mean SUS score | D21: =IFERROR(AVERAGE(SUS!M2:M11),"")
A22: Questionnaires with a score (n) | D22: =COUNT(SUS!M2:M11)
A23: Target: 68 (average) | D23: =IF(D21="","",IF(D21>=68,"Met","Below target"))
A25: Issues found in the user sessions | C25: Logged | D25: Still open | E25: Fixed
A26: High | C26: =COUNTIFS(Issues!$E$2:$E$31,"High") | D26: =COUNTIFS(Issues!$E$2:$E$31,"High",Issues!$I$2:$I$31,"Open") | E26: =COUNTIFS(Issues!$E$2:$E$31,"High",Issues!$I$2:$I$31,"Fixed")
A27: Medium | C27: =COUNTIFS(Issues!$E$2:$E$31,"Medium") | D27: =COUNTIFS(Issues!$E$2:$E$31,"Medium",Issues!$I$2:$I$31,"Open") | E27: =COUNTIFS(Issues!$E$2:$E$31,"Medium",Issues!$I$2:$I$31,"Fixed")
A28: Low | C28: =COUNTIFS(Issues!$E$2:$E$31,"Low") | D28: =COUNTIFS(Issues!$E$2:$E$31,"Low",Issues!$I$2:$I$31,"Open") | E28: =COUNTIFS(Issues!$E$2:$E$31,"Low",Issues!$I$2:$I$31,"Fixed")
A29: No open High issue (M02 threshold) | D29: =IF(C26=0,"None logged",IF(D26=0,"Met","Not met"))
A31: Task results
A32: Tasks with a Pass result | D32: =COUNTIF(T2:T11,"Pass")
A33: Tasks attempted at least once | D33: =SUMPRODUCT(--(D2:D11>0))

Sheet Before-After
A1: Before / after: Round 1 against the retest
A3: Before = Round 1: all participants, the app exactly as first tested. These columns are calculated from the Summary sheet.
A4: After = the retest: the same tasks, run again after the fixes in the Fix log, on the screens that changed. Type these numbers only from real retest sessions (new participants or the same ones: say which in the report).
A5: If no retest with participants was run, leave the After columns empty. Do not estimate them. In the report, state which fixes were checked only by the automated end-to-end tests (Fix log: “Checked by automated test only”).
A6: Change columns are calculated only when both Before and After exist. A positive change in success rate or SEQ and a negative change in time or errors are improvements.
A8: Task | B8: Task name | C8: Before: N | D8: Before: success rate | E8: Before: median time (s) | F8: Before: mean errors | G8: Before: mean SEQ | H8: After: N (retest) | I8: After: success rate | J8: After: median time (s) | K8: After: mean errors | L8: After: mean SEQ | M8: Change: success rate | N8: Change: time (s) | O8: Change: errors | P8: Change: SEQ
A9: T1 | B9: Find a trusted plumber rated 4.5+ | C9: =Summary!D2 | D9: =Summary!H2 | E9: =Summary!I2 | F9: =Summary!J2 | G9: =Summary!K2 | M9: =IF(OR(D9="",I9=""),"",I9-D9) | N9: =IF(OR(E9="",J9=""),"",J9-E9) | O9: =IF(OR(F9="",K9=""),"",K9-F9) | P9: =IF(OR(G9="",L9=""),"",L9-G9)
A10: T2 | B10: Price estimate and next free time | C10: =Summary!D3 | D10: =Summary!H3 | E10: =Summary!I3 | F10: =Summary!J3 | G10: =Summary!K3 | M10: =IF(OR(D10="",I10=""),"",I10-D10) | N10: =IF(OR(E10="",J10=""),"",J10-E10) | O10: =IF(OR(F10="",K10=""),"",K10-F10) | P10: =IF(OR(G10="",L10=""),"",L10-G10)
A11: T3 | B11: Book Nimal with a photo and a time | C11: =Summary!D4 | D11: =Summary!H4 | E11: =Summary!I4 | F11: =Summary!J4 | G11: =Summary!K4 | M11: =IF(OR(D11="",I11=""),"",I11-D11) | N11: =IF(OR(E11="",J11=""),"",J11-E11) | O11: =IF(OR(F11="",K11=""),"",K11-F11) | P11: =IF(OR(G11="",L11=""),"",L11-G11)
A12: T4 | B12: Ask about parking, check acceptance | C12: =Summary!D5 | D12: =Summary!H5 | E12: =Summary!I5 | F12: =Summary!J5 | G12: =Summary!K5 | M12: =IF(OR(D12="",I12=""),"",I12-D12) | N12: =IF(OR(E12="",J12=""),"",J12-E12) | O12: =IF(OR(F12="",K12=""),"",K12-F12) | P12: =IF(OR(G12="",L12=""),"",L12-G12)
A13: T5 | B13: Book the same plumber again | C13: =Summary!D6 | D13: =Summary!H6 | E13: =Summary!I6 | F13: =Summary!J6 | G13: =Summary!K6 | M13: =IF(OR(D13="",I13=""),"",I13-D13) | N13: =IF(OR(E13="",J13=""),"",J13-E13) | O13: =IF(OR(F13="",K13=""),"",K13-F13) | P13: =IF(OR(G13="",L13=""),"",L13-G13)
A14: T6 | B14: Report poor work, say what happens next | C14: =Summary!D7 | D14: =Summary!H7 | E14: =Summary!I7 | F14: =Summary!J7 | G14: =Summary!K7 | M14: =IF(OR(D14="",I14=""),"",I14-D14) | N14: =IF(OR(E14="",J14=""),"",J14-E14) | O14: =IF(OR(F14="",K14=""),"",K14-F14) | P14: =IF(OR(G14="",L14=""),"",L14-G14)
A15: T7 | B15: Open a request, check it, accept it | C15: =Summary!D8 | D15: =Summary!H8 | E15: =Summary!I8 | F15: =Summary!J8 | G15: =Summary!K8 | M15: =IF(OR(D15="",I15=""),"",I15-D15) | N15: =IF(OR(E15="",J15=""),"",J15-E15) | O15: =IF(OR(F15="",K15=""),"",K15-F15) | P15: =IF(OR(G15="",L15=""),"",L15-G15)
A16: T8 | B16: Block an afternoon | C16: =Summary!D9 | D16: =Summary!H9 | E16: =Summary!I9 | F16: =Summary!J9 | G16: =Summary!K9 | M16: =IF(OR(D16="",I16=""),"",I16-D16) | N16: =IF(OR(E16="",J16=""),"",J16-E16) | O16: =IF(OR(F16="",K16=""),"",K16-F16) | P16: =IF(OR(G16="",L16=""),"",L16-G16)
A17: T9 | B17: Check documents and approve a provider | C17: =Summary!D10 | D17: =Summary!H10 | E17: =Summary!I10 | F17: =Summary!J10 | G17: =Summary!K10 | M17: =IF(OR(D17="",I17=""),"",I17-D17) | N17: =IF(OR(E17="",J17=""),"",J17-E17) | O17: =IF(OR(F17="",K17=""),"",K17-F17) | P17: =IF(OR(G17="",L17=""),"",L17-G17)
A18: T10 | B18: Resolve a price complaint, read open count | C18: =Summary!D11 | D18: =Summary!H11 | E18: =Summary!I11 | F18: =Summary!J11 | G18: =Summary!K11 | M18: =IF(OR(D18="",I18=""),"",I18-D18) | N18: =IF(OR(E18="",J18=""),"",J18-E18) | O18: =IF(OR(F18="",K18=""),"",K18-F18) | P18: =IF(OR(G18="",L18=""),"",L18-G18)
A20: SUS (mean) | D20: Before | I20: After (retest) | M20: Change
D21: =Summary!D21 | M21: =IF(OR(D21="",I21=""),"",I21-D21)

Sheet Lists
A1: Screens
A2: C1 Home and search
A3: C2 Provider results
A4: C3 Provider profile
A5: C4 Describe the job
A6: C5 Pick a time
A7: C6 Booking status
A8: C7 Chat
A9: C8 My bookings
A10: C9 Rate or report
A11: P1 Requests
A12: P2 Request details
... A21: Whole app
